{
  "project_info": {
    "project_number": "1039690174593",
    "project_id": "condivisioneposizione-6c1be",
    "storage_bucket": "condivisioneposizione-6c1be.firebasestorage.app"
  },
  "client": [
    {
      "client_info": {
        "mobilesdk_app_id": "1:1039690174593:android:1355a66119455bea943d80",
        "android_client_info": {
          "package_name": "com.android.gpslocation"
        }
      },
      "oauth_client": [],
      "api_key": [
        {
          "current_key": "AIzaSyAtDFydJkM_AKzZrXHHT2X02ZzZtKJl9Yk"
        }
      ],
      "services": {
        "appinvite_service": {
          "other_platform_oauth_client": []
        }
      }
    }
  ],
  "configuration_version": "1"
}